fingerprint,run_manifest_sha256,source_evaluation_sha256,source_results_sha256,source_query_traces_sha256
19e39dd8bd212a14b3bc7f5d8fbb3953d46944ddb0719a7f37528054e89d6f49,18954d95ff5519946c66914e5d1483d309e1737c54a2d4e21c40dd77d9a0c9d2,2a2a97092d1743fa814cbabd95750f397913dcf18499e9c7ddde28447ca502b1,026a2324dd161caa9c7848b885acc4fdc4691fc15935dffd4e36f925153f0e98,62d2fc535348b0c73c2881fe6bdb770650445a3bd53b219ec1ee8433fce89f1d
1cf77a92bb5b91c315fde390250e88026110e9b24a2f83531d2a97fb069f5b2e,28ab67b054f66f8465a9f3be1c625638a6be27a2c0a394cecc25bb92fbd21cc3,fbc9d7db18c4e169003dc211733ac6f358b6edce5e16b6b82f3976311576ffe9,79bb70d5ba8ee9579ed341b5da892af30dcbcc4630c889572127a1c2dc7c094f,3891248d8be1608070a7a1973bc75359ae8ac49b502141a8fdc1217f4d497bc4
1de084397d05d7d76ecd5b2b8c65bd719e305d209c7eed590c83737581d14cfd,e97f3891b92cbab9ff9486885843b8bdb9a2882411859a266a8f0ef6ff72814c,66cf13fdd2ee0f7b4132dbba623ff945f4bde303e3cfc971e334c1f03486ffec,aa48425092b281ef55b564de1f8052cfe0551288cd26e69f4b2a3fbc8e786dc5,a3b07c02ffb13ceadaf14cdb09f08fd29f9c6aed3434876826306bf2a051e54f
2667184d8913e755c6b9c40c58ae942f685bf3fa37bf5c1b1908c397e8987e34,945a41272bad83901cb5faf0644af868fce0de5c1c24ded7dcf586e8e1175cd7,df923e37a16ad891ab50a608bdd52c999026364b10cbc0141d2533f1f0a72d24,b8c165c4e8efcdb7b63c71bab1da36102230e6df13a12b19ef45d7e247533bd2,0633369402c5a41610cefec0d2cb7e7c4ac1833bb7671094c89caa42e7a78f9d
2f14d75cb3c4ee42e35353ffa542d2ef0587db703bec171a0d4323fce5b807c5,1d6319a917a96d80131fa387a6daa5178f14079429495a48a7796d2cc4296d88,5e0bec2b76c93430bcda40cd003f75b73d3e587dd6908256486aded7be1b31c4,b3fdc5638661ce9bccece40a99dc8afaba7b6032c240658b95c1976fe5adfaca,b50f8ce432d74e93adecc654b2a88ad1b63550d6a8bb56e85424a1b0d854ff36
2f3a133cfcb06bd1204f16a242a6ed1e808a0123fdab20f1336995ba1de7e807,e0e6226b079865ca5e54155136140cfea280068d0fd8858b675eaf4548f22738,e3742e0ff257864930e5ab374cd7813712f0f2b73db23549c005321ffb095867,41cfbdbde20d9199e154445c766374bfa139200833879c1a537da68a930a5f44,f92773935e9cd6046217d08fc9ec7954f24026278fcad54d489eefb2ed9d7c64
302aa7c6ecd69c7c52b892ac044f8634e37e98db7f2c384c882edc79667e42d0,ba4d9dfb3efbb48531d6bfc9d6d314a2ba7d55ac20768f4d1753cc82daad36a6,518155fbc76e79672a8e9f31417537e1f360ea7c43a59e60f98248e850d3de2a,df620c53b796ff1bd4d216b058fbe76119d7eee26cbd98d1ee829a2d183c43b7,9810507daedd73535e0041951df826086f59960526dc843a71f0d7b036558396
3171c24c357ce53bb36f2a98eb240e45eeadd705e67fd3e522cca3dff8cc2896,d183916e3454feece0b4b5e4b74b8b28e44e194541b634fe408b6b95a16d3f6e,3664350067635174f9981d2c9789f8ef2c17f4d9fe75aee0aff560cc4cc81520,a106e42422a0546cded225a035ba143759ed05bff460c6c37b46457ed341faeb,05813c151f5891a9a97e1711e216bc54335ccf0d5e0963168c018a29198674fb
3811a99e5f1bc5e25f5d9b235cc23a59ffc1a735692cbcea74ea3180f2534725,810b55efd06580c2847c2d295758e922562ca05ea99cef58ab179914afdd3e1e,a471f8c0840a442dc20dad0bf584c956e4948cc713906d5787a1e20be2c9a868,364bcec7e2f341d5ffa446461d06f0bdac28c879ae00d104c4e02c2850e6ff4b,503068834f8565591a91e3cb9207a98eb9c3d71bd99490148405f88d9fe298b7
4130ba39e2738f7793e3aacd4a302d5987cd9bed5278bcabd79d242580d442c8,1b210f09b37665fabd2c98647a60a07796ca85634f81936a19a0a3fdaef63b94,abc3fdb69e3c59ec1392681a076b43cf1c4aed0447590f3b0f6aec0d3a070a16,d8bf6ea6a5e81965e98040a57d0a6030243a5b67db8eecbd5879dcf809021c28,4e3cfb4c4b5113e9b974a97187b3e8729bdd7d485f769add79330b17260ba0c5
44d4d6d48549b995d67ea4a03afcecbba2f69666b473de5d54c7d22fb936c270,d64a040106d207b751b696585df279308f2c002d1f4fa29a18b773dcc54966a2,949704451ecb857d5ce3d3c96f56959385700d4817c5979befc0e8ba044f6586,0a592e206763da007d6d013238894299411e9c3c7bf3cbaddcfa50be7bb998f9,7ada37e27dc93ef05c61feae5fe970b50622fbfc31213e2d2a77c7f42e613654
523b8b537d4fa79a5f74b71b9a1d3213624c7b103638d2424a3df7bd534beab9,1b1af5ca9fe3bec66e13624402a67f91d540a7c7e5de204e425816b1323717ba,aa270dd4b7c986b3dbb4c3200e59b38a3eed4f66f25893d66b306a42904f05a6,610c69fd8939646d2bb5ba79e792a89de510b61abb9885c6883685938ae38e4d,8b7b6a41f34c3285bc09631b5bfdd8894e1afabea6165fdbd939e5ca65f3fd2f
5781df037eb56af073ed70a5e1cc12ec812ffdbd382f1735c1c3fce7043d3878,c98178ad9ac6c4bbd3517b3bd4c2f8db2bb6dd31cc82b5594478da32b3e06d44,c3ecee5d53eee3093fb53860da1050aab7f7cc037220a34024344fa044e84ed5,de825bf4aee34a96da551a1182ad8867d66db1f026acb6fd2fce10616ea42c64,b4fa866c4ff9b4edeb4ce163f99008727d83150440a1cfa5037c6de10d9452f1
5e27c14e937a5d08dbc1f4080b164f9f97970598335280868c5f4496e6107a04,13604b8b3285f258982a52333ac2b4839f88c72ac156b5f350e4294b7641bb8d,f51981c6b6e5a8b995db2052c978102f479c253b96f3b9572a52337417fd3847,d992c07c4ea2ed3a447991a5c81d4ca93b1f15bbb9e5815be944b8affa483d23,b82ae5b4929a5294d8761c6a4ca36cf15f0d2bc240843f775b3995a386ee0ca8
600c5f09dc00c6d9723ca18b994a8854f77e273a7441056983db2209600ea3a1,18d6fb0a5404b3155109ad82a3dc83c0aa5b857e2333440b5ed6b70714baa6aa,d06a4763cc246b1924f71e206aad9676c5b85d9a25864f48bf86886efaab0d72,7ea31dbee3733af68630fbbb9927fd0049174df797d380bfb190ee9c14dd269a,ea856ef830f257f4f4fa21b72393041c619da294d772031aaf206d7482e65d7f
6d11c250e8ea40fb29ee98e5079687f1765da83099a9673bb3eee0ef243a54a5,c85ef5085814a2ebfac1410e844a14ca24131ae94ca11b9fad0de9178f794fce,286e0e33a4388b02e094b901ea29ac98750160d4ef5e15ea8abe8f38f528fd1b,1d9170adb315369146802db4b2ab22c9a6a88e46d821dc12946b6a89fbd68d0c,aa55c6dde3481a4d596144916273aece3134a78420fb321639d07fa337356671
70806cb5b5fb875af7a1196ae23c3170c0e2e736091b426b2d54e9f823f0316e,7e87d9d27ed68f335133c1adde52ad8beac0cd852dd1b3370ea787821f5871ca,fba7f79524a5eb1bdf805876c1c25656e61896cd6351d7e9d216bec4bab66359,912d5d3adeceaf4aa9519d18a754aeb639bd715ed78348cfeac71eeb89ac3bfd,04934b00cefa8200d0fba99313316e6a58d6e6e0a1c4a02a13d9e4fdd221c6b1
73b15383a72b3544c990f71f2a53753aac4cbc128a729db37893dfb094190f06,ddd6049857d171f0a859a34b45e72a3a0f371bee5d85effb24cae79c705502ba,b1cbe15c5f2e0aae0809e403c850ec90cfcef8e482520f4cde080edcb945d2fa,d47f453ecd04fb781ae1e786b1fcc7b6655831f1eaacd0101a9e9b94ee4ed4e5,d71b197f478bfbc7bd4c2bde12a01ba5f3aea0d5304061ae4be688cd58f96327
858db8c0de5bab47ce82dd5c24a77a7b98edc0d6165a7c9cc66a60bd0ed8cafa,ec585f020b1e8b866f682b643c924f544a45893a97d30b37e980a38bfbe49cfe,67d85c7f55b2877f7cec7f4df31ed01c00e5a73fc77fbbbbeb66ed21193aa4cb,d2b2946d0bffd49deebafc5304935b1cf8a9f9e1a0fc0811519a797074e2e91e,fdd24cee24f60f0fa7c881b8b4863b8e1f8676769834e91ef7f19aa4c8bcfc41
9d008da9fbf8185ecb8c52eacf300648d0fc5c72b739b084dc6e015054165a72,41d38b3aa784d6210bf7b3d9ab1bcee4bede05a5b7825060e0553759097cf8d7,89fac87f971fdd9b97e1497acbde32920c951b6ee33a9631e41ae5eee16bee3d,4d6938cd3412a534720281267159f2699796a62857e3d05efeddd5007ccfd7f3,36d34cfacf40b58c5940f8f31f274036d3128bbec5d397e24ca3fbd9d1aba93f
a28078a491303c84bea9fb95ae4c106e4188a83a861049917132aa0a5ea65df3,3e52cae1a38499350e271106eaeccfacfcdf0d4be4d6057d8f80d6ca349e8a63,1ce9178d43911df3f0a9a8e00cbe25ffbca31b67b7cb71af8c4eca620669e44d,08cd38807f772c0b780a826f42b026d76e1e218480803c7e6c74447c3ccd489f,2d45f9402a74251d824554455d363b44a75b5fb7f5a4095b52ac0efc0487c1f8
a8e56d6c931f440a241380b2cec3d663bed88517a70301d963aa78b268e3c42c,f3d7e34c5ff0732f51e73b68495a870f79b8cac02cb2685a825f253850dc8979,a553be356bb09c39921b44d53a3481f4eccc6926c772fbf35e15ea0e228dd370,044debef31a2af3cf55c40c070932d340fe6084d348353c54297566e33962490,0f0dbfebb57bda2481ab6bad58d2904aa89cca76d7c850fbd3426ff5ff2bbc96
b2182929cbaa949c93be9963c553d7b042fdc26adddea32344caeda5c36fe951,01913e4db37f13e443937969ea967488a913ec7e24a811603d9e51360915bab0,416486d57235afc901d772c1e8e9fd81cbc46c383ee4776b2dc887cca607889f,52cbbe27ca7b2f8dba8f1dc0ec6d7f082b9bb2aff46e29fac1adf90f84934b55,9a0496cd4205e9c768604a6eb3ac39b851b8f41396726191d924bb2476b3b0f7
cfe61e71ee6154f42e72385911f8f873044972173091135e2c8a5e4e5a826197,a2065948ba9b6a850ca7043b959f7b286b1743b5f40ffefe72a9e1668d6b8448,dfd9946caff699e652f72976bfa0f27a5343680230b4fd3ed6d23075bc2eb2f9,c164f85c6f76bcde06cfc4dfea06c0b6db107d3cc519606c44ab73496046e56a,c6d7c53123d203944cb1b2922ec5162ec53b61c6bd1b231d0346241b35a2bb20
e03754df05baa109e1ff99033381e080f006906c6c09a6bbfcde560685f7a0f9,e60bbaed1b631ac2afd55180eccd6f3799843df75525dd04527818411b439256,6d70e6143f91ad8772e165ff4658e1c829fb272899dce8ee360a628e179d2815,f4acdb46490afd85a27ddbaa7e7af58ee59521a3917eaf45186f02e3df6c411e,a76c49182faf8256ff931fe70bb1cd1662541f8fd7835f75a61fa5f1a38e5bf4
e7bcddcfa7062d85ab015b567290d94643968e89570304a14e9492a80a730d1e,4465dd36bcf8973a8914fa9828523ef4690f123f659a91f8e799dd09091b28d0,9ba27fb6ca6e77f87fc86a3e623d806ee746879760e3116d941e9fc4a64bd49f,2f359fdb3977b3e5ad74b5396ef1a35536bc33ef0da3711de06465f868542d85,b0011f2a03caf1d11ab28698f9ea531cb880232733309564962886747eda7ac9
e88a7d30f50117d96bfd02a591d9142b3b38972f0d02c7756e026f4bd3deb25d,de8a2334fda0fe24531c06f4f06e7a09bf2f87a69124c5ec1f5d35d1520f6807,d82e50c604e09b7b28b5a6fa981b6495faf8ccfeb2080cc5f2c1e2c227e9694e,19d9f1d83c3f8347f4153a79c88b323736296998d0df5f4cdacf2f923fbe7104,deafa67b809537cbadaf9cd79ea6afb36bb2dcfd901e71f48db91d710a6e09c7
f8ddfc301eea3d5b3ad3c6f10b4578bb25e65540f0702a89f0b123c145d3ed12,4334a48e38f09ba68cc83ca1ec5899067ff2aef0e2e34c60bf6fc6ebd4ece219,d47bb1c484fad575e225076cd74457ab726c45c39a584f989b2205091f902ac1,7daccde80353be962d1d4f23e4e3a3832f3dc3a9a4e60ca6c364b3b3a3de172b,cb244a5a407c8b6b400d6069449d9138a541f229d74889d4d1716a14f070f189
f97335ed1fb19099778753bb969a6d21b939acd0b003406d3b5b41756807988a,89dc5348465609cdacc3442e10c4c6262da01ea6fba335be06c332c0377004ea,1aa37e1b42ff87424f9a51b97509f9f82d20238b416518770f24023b12ec3f2a,b73a33380a1a9482035762e1d9ac7daaefda86615adc12a42ab0141d6ddb2cb9,5455ee8b035439e3992c01539684eb3bb2b187468351b1da9dd45abd04d70963
fbd492204a61b0d57090f5c613aeb3edef2d7ab00f0ff28c5221fbbb97b080f7,8c6bb479a3fc84c6c6eda1d7ab0529c41c04a5fa7de4838a989aaacda1b3e152,c7d917cd1ea6bb92bb28ca50f122f9066bd19b9887bab719425f242612be7af4,41bc89c759cc9513fe31685fb0470745739f10c5c19fcaa6a1ad6b3a3b9e75e0,2a6e2584885fd7a9007d2fbaa4acab6674f75f889c318d514f6d7a5722f502ff
