fingerprint,seed,omitted_target_family,status,exact_source_asr,exact_source_auc,score_greedy_asr,score_greedy_auc,asr_gain_vs_score_greedy,auc_gain_vs_score_greedy,bc_train_accuracy,bc_validation_accuracy,bc_majority_accuracy,bc_validation_nll,bc_frequency_nll,bc_gate_passed,trained_episodes,source_calls,elapsed_seconds,source_evaluation_elapsed_seconds
858db8c0de5bab47ce82dd5c24a77a7b98edc0d6165a7c9cc66a60bd0ed8cafa,17,classical_cnn,source_complete,0.09123961,0.04476974,0.06708795,0.02883916,0.02415166,0.01593057,0.02916514,0.03140244,0.02804878,4.41336393,4.35597489,False,4131,197386,6868.02831215,350.13280650
fbd492204a61b0d57090f5c613aeb3edef2d7ab00f0ff28c5221fbbb97b080f7,29,classical_cnn,source_complete,0.08578601,0.03956977,0.06873269,0.03126904,0.01705332,0.00830073,0.03193115,0.02587961,0.02646118,4.43504858,4.38743925,False,4119,197622,1660.06573518,351.70040420
6d11c250e8ea40fb29ee98e5079687f1765da83099a9673bb3eee0ef243a54a5,41,classical_cnn,source_complete,0.08604571,0.03699792,0.07011773,0.03142313,0.01592798,0.00557479,0.03299960,0.03222996,0.03019744,4.44466209,4.38646519,False,4103,197038,1658.22641562,350.98999504
b2182929cbaa949c93be9963c553d7b042fdc26adddea32344caeda5c36fe951,53,classical_cnn,source_complete,0.09046053,0.04058085,0.06873269,0.02934730,0.02172784,0.01123355,0.03225164,0.03875496,0.03295697,4.41469383,4.36642013,False,4150,198228,1662.85591785,349.89284693
600c5f09dc00c6d9723ca18b994a8854f77e273a7441056983db2209600ea3a1,67,classical_cnn,source_complete,0.08275623,0.03696503,0.06596260,0.02985284,0.01679363,0.00711219,0.03051511,0.02923474,0.02608197,4.43221903,4.38364064,False,4153,199736,1672.73348907,352.25788281
44d4d6d48549b995d67ea4a03afcecbba2f69666b473de5d54c7d22fb936c270,79,classical_cnn,source_complete,0.09046053,0.03810682,0.06899238,0.03110370,0.02146814,0.00700312,0.03059814,0.03277237,0.03011515,4.44037104,4.37364831,False,4140,198089,1671.65712161,353.08350111
e7bcddcfa7062d85ab015b567290d94643968e89570304a14e9492a80a730d1e,97,classical_cnn,source_complete,0.08223684,0.03827043,0.06544321,0.02921572,0.01679363,0.00905471,0.02848337,0.03185298,0.02909648,4.43771315,4.38053379,False,4130,198155,1657.98769243,352.63098389
2f3a133cfcb06bd1204f16a242a6ed1e808a0123fdab20f1336995ba1de7e807,113,classical_cnn,source_complete,0.08440097,0.03686548,0.06873269,0.03362535,0.01566828,0.00324013,0.03082113,0.02847520,0.03031231,4.43296146,4.36579943,False,4147,199043,1668.50515392,352.22356318
2667184d8913e755c6b9c40c58ae942f685bf3fa37bf5c1b1908c397e8987e34,131,classical_cnn,source_complete,0.08275623,0.03917071,0.06899238,0.03017053,0.01376385,0.00900017,0.03023663,0.03084112,0.03115265,4.43233204,4.37472807,False,4140,198400,1664.74069798,353.30535567
1cf77a92bb5b91c315fde390250e88026110e9b24a2f83531d2a97fb069f5b2e,149,classical_cnn,source_complete,0.07617729,0.03789647,0.07011773,0.03319252,0.00605956,0.00470395,0.03049851,0.03443022,0.02620353,4.41998816,4.36591691,False,4117,197298,1659.92998100,352.68889970
e03754df05baa109e1ff99033381e080f006906c6c09a6bbfcde560685f7a0f9,17,modern_cnn,source_complete,0.07218122,0.03286639,0.06260252,0.02629800,0.00957870,0.00656838,0.02846580,0.02319110,0.03153989,4.40870667,4.35589508,False,4163,198752,1632.61771114,332.18940746
70806cb5b5fb875af7a1196ae23c3170c0e2e736091b426b2d54e9f823f0316e,29,modern_cnn,source_complete,0.09704839,0.03719641,0.06289224,0.02854933,0.03415615,0.00864708,0.02818591,0.02090800,0.02688172,4.42025042,4.36518722,False,4161,199353,1640.81806194,335.43275165
302aa7c6ecd69c7c52b892ac044f8634e37e98db7f2c384c882edc79667e42d0,41,modern_cnn,source_complete,0.08911443,0.03955708,0.06560227,0.02868296,0.02351216,0.01087412,0.03136257,0.02862363,0.03045067,4.42138433,4.35279351,False,4136,197860,1635.05986548,335.09905659
5781df037eb56af073ed70a5e1cc12ec812ffdbd382f1735c1c3fce7043d3878,53,modern_cnn,source_complete,0.09104889,0.03830325,0.06695728,0.02823037,0.02409161,0.01007288,0.03218616,0.03580324,0.03082192,4.41794586,4.34874117,False,4177,200432,1638.35768710,333.40517237
f8ddfc301eea3d5b3ad3c6f10b4578bb25e65540f0702a89f0b123c145d3ed12,67,modern_cnn,source_complete,0.08224576,0.03556848,0.06424725,0.02685218,0.01799850,0.00871630,0.02837564,0.02264706,0.02882353,4.42926264,4.37154761,False,4166,200307,1644.53000030,334.64530196
3811a99e5f1bc5e25f5d9b235cc23a59ffc1a735692cbcea74ea3180f2534725,79,modern_cnn,source_complete,0.08282520,0.03802739,0.06589199,0.02966093,0.01693321,0.00836645,0.03048214,0.02912621,0.02975258,4.43771791,4.37718127,False,4147,198181,1632.82924135,332.79238954
19e39dd8bd212a14b3bc7f5d8fbb3953d46944ddb0719a7f37528054e89d6f49,97,modern_cnn,source_complete,0.08446994,0.03896185,0.06231279,0.02594432,0.02215715,0.01301753,0.03067276,0.02896801,0.02896801,4.41793871,4.35818124,False,4139,198385,1624.34293799,332.66059256
1de084397d05d7d76ecd5b2b8c65bd719e305d209c7eed590c83737581d14cfd,113,modern_cnn,source_complete,0.07711543,0.03400331,0.06560227,0.02974700,0.01151316,0.00425630,0.02993057,0.01886199,0.02734989,4.44311237,4.35968761,False,4147,198464,1636.52283192,336.50149023
cfe61e71ee6154f42e72385911f8f873044972173091135e2c8a5e4e5a826197,131,modern_cnn,source_complete,0.08118047,0.03391479,0.06589199,0.02863745,0.01528848,0.00527733,0.02878950,0.03075957,0.03075957,4.41166496,4.35056718,False,4165,199677,1641.58883568,333.67685574
a8e56d6c931f440a241380b2cec3d663bed88517a70301d963aa78b268e3c42c,149,modern_cnn,source_complete,0.07595653,0.03726675,0.06424725,0.02922657,0.01170928,0.00804018,0.03044980,0.02653502,0.02776921,4.41764498,4.35585968,False,4144,198850,1632.97892265,332.92248597
2f14d75cb3c4ee42e35353ffa542d2ef0587db703bec171a0d4323fce5b807c5,17,transformer,source_complete,0.04251590,0.02021496,0.03429573,0.01435635,0.00822017,0.00585861,0.03081180,0.02586207,0.03030303,4.39804840,4.35283153,False,4592,224149,1993.41086338,419.69501724
5e27c14e937a5d08dbc1f4080b164f9f97970598335280868c5f4496e6107a04,29,transformer,source_complete,0.04802603,0.02025978,0.03294072,0.01514732,0.01508532,0.00511245,0.02700748,0.02431932,0.03145652,4.38835335,4.32823912,False,4602,224199,1991.86448307,416.38343767
f97335ed1fb19099778753bb969a6d21b939acd0b003406d3b5b41756807988a,41,transformer,source_complete,0.03977584,0.01929498,0.03703579,0.01579169,0.00274006,0.00350329,0.02702485,0.02234787,0.03123317,4.38733816,4.31190065,False,4593,224611,2027.66116919,418.91194537
e88a7d30f50117d96bfd02a591d9142b3b38972f0d02c7756e026f4bd3deb25d,53,transformer,source_complete,0.04528598,0.02126151,0.03839080,0.01632074,0.00689518,0.00494077,0.02616949,0.02599107,0.02914151,4.41060066,4.35305252,False,4587,224321,2027.41312253,426.55441951
3171c24c357ce53bb36f2a98eb240e45eeadd705e67fd3e522cca3dff8cc2896,67,transformer,source_complete,0.04107080,0.01721715,0.03291069,0.01587746,0.00816011,0.00133970,0.03164862,0.03196830,0.03038309,4.39406872,4.34843182,False,4573,223474,2074.95221413,442.22087852
4130ba39e2738f7793e3aacd4a302d5987cd9bed5278bcabd79d242580d442c8,79,transformer,source_complete,0.04935102,0.01843089,0.03568077,0.01509463,0.01367025,0.00333626,0.03043689,0.02826087,0.03070652,4.40214252,4.34363828,False,4567,223374,2088.25691552,445.93750967
523b8b537d4fa79a5f74b71b9a1d3213624c7b103638d2424a3df7bd534beab9,97,transformer,source_complete,0.05215113,0.02084244,0.03426570,0.01438788,0.01788543,0.00645456,0.02775390,0.02702014,0.02880449,4.39142418,4.33232942,False,4569,223272,2016.37389002,426.87207493
a28078a491303c84bea9fb95ae4c106e4188a83a861049917132aa0a5ea65df3,113,transformer,source_complete,0.04113085,0.01785608,0.03703579,0.01616321,0.00409507,0.00169287,0.02948911,0.02665611,0.02612827,4.41306877,4.35352425,False,4560,223086,1999.51598601,420.91137783
9d008da9fbf8185ecb8c52eacf300648d0fc5c72b739b084dc6e015054165a72,131,transformer,source_complete,0.03706581,0.01639120,0.03429573,0.01565529,0.00277008,0.00073591,0.03225206,0.02909091,0.03064935,4.39727592,4.33818108,False,4585,224592,2016.06860109,431.12486940
73b15383a72b3544c990f71f2a53753aac4cbc128a729db37893dfb094190f06,149,transformer,source_complete,0.04254592,0.02016226,0.03706581,0.01405344,0.00548011,0.00610882,0.02789389,0.02817637,0.03208975,4.40680218,4.34304458,False,4587,224336,2086.52048786,435.25347621
