fingerprint,seed,omitted_target_family,block_index,episode_offset,scheduled_episodes,trained_episodes,eligible_episodes,successful_episodes,mean_episode_return,mean_margin_reduction,source_calls,elapsed_seconds,ppo_loss,ppo_policy_loss,ppo_value_loss,ppo_entropy
025f7aea92d95d91067ce553af4e4c97c324ee2aae6a8b30b21bcac453dce7ee,17,classical_cnn,0,0,50,42,42,7,-0.0978060620204,0.0955873734789,1969,8.12670027401,0.0933222174644,-0.253159582615,0.693873524666,4.54961252213
025f7aea92d95d91067ce553af4e4c97c324ee2aae6a8b30b21bcac453dce7ee,17,classical_cnn,1,50,50,42,42,4,-0.291927719953,0.0469908969431,1952,7.94163205801,-0.373508542776,-0.56083381176,0.37554526329,4.47362804413
025f7aea92d95d91067ce553af4e4c97c324ee2aae6a8b30b21bcac453dce7ee,17,classical_cnn,2,100,50,45,45,3,-0.430373261597,0.120697931164,2191,8.968971264,0.0396014712751,-0.117314696312,0.31470772624,4.37695980072
025f7aea92d95d91067ce553af4e4c97c324ee2aae6a8b30b21bcac453dce7ee,17,classical_cnn,3,150,50,38,38,2,-0.384701992379,0.0984725173573,1866,7.616146343,-0.015980200842,-0.170709118247,0.310342371464,4.42268037796
025f7aea92d95d91067ce553af4e4c97c324ee2aae6a8b30b21bcac453dce7ee,17,classical_cnn,4,200,50,44,44,1,-0.468306939656,0.0961975643657,2190,9.00849413501,0.0789176821709,-0.026426769793,0.211575418711,4.4326004982
025f7aea92d95d91067ce553af4e4c97c324ee2aae6a8b30b21bcac453dce7ee,17,classical_cnn,5,250,50,41,41,6,-0.332134213301,0.0761483509803,1978,8.08672798499,0.105354428291,-0.0822776705027,0.376145333052,4.40567016602
025f7aea92d95d91067ce553af4e4c97c324ee2aae6a8b30b21bcac453dce7ee,17,classical_cnn,6,300,50,39,39,3,-0.375334969176,0.0809606711211,1920,7.809674627,0.047588583082,-0.0772739946842,0.250602334738,4.38589477539
025f7aea92d95d91067ce553af4e4c97c324ee2aae6a8b30b21bcac453dce7ee,17,classical_cnn,7,350,50,40,40,1,-0.396203416771,0.0903460506925,1983,8.08519140101,0.0179195143282,-0.0789761096239,0.194664135575,4.36444473267
025f7aea92d95d91067ce553af4e4c97c324ee2aae6a8b30b21bcac453dce7ee,17,classical_cnn,8,400,50,40,40,3,-0.324614819335,0.0632639019482,1951,7.91996222,-0.0672553181648,-0.159358993173,0.185075819492,4.34234046936
025f7aea92d95d91067ce553af4e4c97c324ee2aae6a8b30b21bcac453dce7ee,17,classical_cnn,9,450,50,38,38,3,-0.25587176484,0.0622650482172,1779,7.368974716,-0.459021121264,-0.640455245972,0.36375695467,4.44352197647
025f7aea92d95d91067ce553af4e4c97c324ee2aae6a8b30b21bcac453dce7ee,17,classical_cnn,10,500,50,38,38,1,-0.462307014917,0.0628503821653,1905,7.826270669,0.0310418605804,-0.0105481147766,0.0840596109629,4.39830112457
025f7aea92d95d91067ce553af4e4c97c324ee2aae6a8b30b21bcac453dce7ee,17,classical_cnn,11,550,50,45,45,3,-0.327670710792,0.0852532332027,2178,8.956443156,0.0217055790126,-0.137694329023,0.319671303034,4.35744285583
33054f9db786f8e26fd0da4fc7fbcfb21d7cab8542676987d1c9bf8ac9c2100e,17,modern_cnn,0,0,50,42,42,5,-0.342171974997,0.0953509967532,1979,8.05401909701,-0.107705973089,-0.292753398418,0.371003329754,4.54236221313
33054f9db786f8e26fd0da4fc7fbcfb21d7cab8542676987d1c9bf8ac9c2100e,17,modern_cnn,1,50,50,41,41,1,-0.429744040166,0.0339519502277,2020,8.133918202,-0.167315527797,-0.218212530017,0.10269484669,4.50423526764
33054f9db786f8e26fd0da4fc7fbcfb21d7cab8542676987d1c9bf8ac9c2100e,17,modern_cnn,2,100,50,43,43,5,-0.266897591179,0.065135470973,2049,8.10264892499,-0.038629617542,-0.206635683775,0.336907476187,4.47672986984
33054f9db786f8e26fd0da4fc7fbcfb21d7cab8542676987d1c9bf8ac9c2100e,17,modern_cnn,3,150,50,39,39,3,-0.301975063274,0.124015848345,1924,7.689175962,0.0246787611395,-0.0884025096893,0.227056026459,4.46742248535
33054f9db786f8e26fd0da4fc7fbcfb21d7cab8542676987d1c9bf8ac9c2100e,17,modern_cnn,4,200,50,44,44,0,-0.445431302782,0.101794012678,2206,8.760967968,0.039062179625,0.0085087865591,0.0620019733906,4.47592926025
33054f9db786f8e26fd0da4fc7fbcfb21d7cab8542676987d1c9bf8ac9c2100e,17,modern_cnn,5,250,50,43,43,5,-0.279031213579,0.0922695363116,2038,8.162794174,0.0142804123461,-0.159040153027,0.347536593676,4.47731113434
33054f9db786f8e26fd0da4fc7fbcfb21d7cab8542676987d1c9bf8ac9c2100e,17,modern_cnn,6,300,50,38,38,1,-0.498094759886,0.0538900594103,1899,7.61528270801,-0.00439728284255,-0.0318029373884,0.0557038299739,4.46260643005
33054f9db786f8e26fd0da4fc7fbcfb21d7cab8542676987d1c9bf8ac9c2100e,17,modern_cnn,7,350,50,38,38,1,-0.428708088602,0.0712583218208,1885,7.50530779301,-0.0215459186584,-0.0671829730272,0.0921606123447,4.43252658844
33054f9db786f8e26fd0da4fc7fbcfb21d7cab8542676987d1c9bf8ac9c2100e,17,modern_cnn,8,400,50,43,43,3,-0.295238082048,0.07411936646,2096,8.47125059,-0.0924296602607,-0.184643283486,0.185309797525,4.41276311874
33054f9db786f8e26fd0da4fc7fbcfb21d7cab8542676987d1c9bf8ac9c2100e,17,modern_cnn,9,450,50,41,41,5,-0.171267797308,0.0806022289835,1845,7.452407135,-0.525348722935,-0.76175904274,0.473703324795,4.41375112534
33054f9db786f8e26fd0da4fc7fbcfb21d7cab8542676987d1c9bf8ac9c2100e,17,modern_cnn,10,500,50,39,39,1,-0.454353091119,0.0541221196025,1954,7.784967695,0.0265308003873,-0.0213280841708,0.0966034531593,4.42841911316
33054f9db786f8e26fd0da4fc7fbcfb21d7cab8542676987d1c9bf8ac9c2100e,17,modern_cnn,11,550,50,46,46,3,-0.317774260477,0.0788658003603,2190,8.765550096,-0.089355237782,-0.258117437363,0.338407963514,4.41782474518
de7dae352025eeb936afe4869281fb218759fbf934ffbe4c272fa11b9032aac5,17,transformer,0,0,50,45,45,3,-0.251715613094,0.0523129193299,2177,9.25370265701,-0.123843625188,-0.256309896708,0.265836179256,4.51818752289
de7dae352025eeb936afe4869281fb218759fbf934ffbe4c272fa11b9032aac5,17,transformer,1,50,50,44,44,0,-0.50857733665,0.0253453251734,2206,9.183949,0.0131900021806,-0.00284316390753,0.0329702571034,4.51962757111
de7dae352025eeb936afe4869281fb218759fbf934ffbe4c272fa11b9032aac5,17,transformer,2,100,50,46,46,2,-0.399110363171,0.0195367905833,2220,9.20015246799,-0.300119966269,-0.396775633097,0.194204702973,4.46688461304
de7dae352025eeb936afe4869281fb218759fbf934ffbe4c272fa11b9032aac5,17,transformer,3,150,50,46,46,2,-0.533220596669,0.0974434085065,2296,9.44728264601,0.0474217422307,-0.0191694609821,0.134064808488,4.41200876236
de7dae352025eeb936afe4869281fb218759fbf934ffbe4c272fa11b9032aac5,17,transformer,4,200,50,48,48,2,-0.357258039356,0.0414883302575,2367,9.953547406,-0.0270781945437,-0.101011745632,0.148730069399,4.3148393631
de7dae352025eeb936afe4869281fb218759fbf934ffbe4c272fa11b9032aac5,17,transformer,5,250,50,45,45,1,-0.394434735612,0.0303385991982,2220,9.302679093,-0.0872917845845,-0.159795030951,0.145874544978,4.34022808075
de7dae352025eeb936afe4869281fb218759fbf934ffbe4c272fa11b9032aac5,17,transformer,6,300,50,44,44,1,-0.405010074306,0.0449926594158,2177,9.112270572,-0.0593685694039,-0.129243016243,0.140603139997,4.2712225914
de7dae352025eeb936afe4869281fb218759fbf934ffbe4c272fa11b9032aac5,17,transformer,7,350,50,44,44,1,-0.472520762996,0.0387424404085,2195,9.17421403401,-0.0041147172451,-0.0326680354774,0.0579757764935,4.34569835663
de7dae352025eeb936afe4869281fb218759fbf934ffbe4c272fa11b9032aac5,17,transformer,8,400,50,45,45,2,-0.29397307564,0.0582935421838,2227,9.26794564699,-0.000951751600951,-0.076992161572,0.152950331569,4.34755802155
de7dae352025eeb936afe4869281fb218759fbf934ffbe4c272fa11b9032aac5,17,transformer,9,450,50,47,47,3,-0.363388415696,0.0696025980972,2276,9.71608666799,-0.109303459525,-0.218652039766,0.219550520182,4.26681900024
de7dae352025eeb936afe4869281fb218759fbf934ffbe4c272fa11b9032aac5,17,transformer,10,500,50,47,47,0,-0.53015314481,0.0386708479395,2353,9.90030788499,0.00629772758111,-0.0082772122696,0.0299915652722,4.20842885971
de7dae352025eeb936afe4869281fb218759fbf934ffbe4c272fa11b9032aac5,17,transformer,11,550,50,48,48,2,-0.424655640683,0.0523186855292,2350,9.81821226599,0.0222088564187,-0.123296201229,0.291862666607,4.26275634766
